,0,1,nightlife_venues,lifestyle_perks,kids_venues,basketball_court,airport_venues,coffee_venues,business_perks
2,-122.323895,37.566879,3,0,5,0,41,0,0
7,-122.3254705,37.5645375,3,0,5,0,41,0,0
19,-122.3843489,37.6656476,0,0,0,0,40,0,0
0,-73.985506,40.757929,0,0,0,0,14,0,28
1,-111.9035,33.8171,0,0,0,0,3,0,0
